{
	"format_version": "1.8.0",
	"animations": {
		"animation.giraffe.run": {
			"loop": true,
			"animation_length": 0.83333,
			"bones": {
				"Body": {
					"rotation": {
						"0.0": {
							"vector": [-10.00933, 2.462, -0.43439]
						},
						"0.2083": {
							"vector": [-17.51565, -2.38422, 0.7522]
						},
						"0.4167": {
							"vector": [-5.00474, -2.49048, 0.21803]
						},
						"0.625": {
							"vector": [5, 0, 0]
						},
						"0.8333": {
							"vector": [-10.00933, 2.462, -0.43439]
						}
					},
					"position": {
						"0.0": {
							"vector": [0, 0, 0]
						},
						"0.4167": {
							"vector": [0, -1, 0]
						},
						"0.625": {
							"vector": [0, 0.5, 0]
						},
						"0.8333": {
							"vector": [0, 0, 0]
						}
					},
					"scale": {
						"0.0": {
							"vector": [1, 1, 1]
						},
						"0.4167": {
							"vector": [1, 1, 1.1]
						},
						"0.8333": {
							"vector": [1, 1, 1]
						}
					}
				},
				"Tail1": {
					"rotation": {
						"0.0": {
							"vector": [37.5, 0, 0]
						},
						"0.2083": {
							"vector": [92.5, 0, 0]
						},
						"0.4167": {
							"vector": [37.5, 0, 0]
						},
						"0.625": {
							"vector": [17.5, 0, 0]
						},
						"0.8333": {
							"vector": [37.5, 0, 0]
						}
					}
				},
				"Tail2": {
					"rotation": {
						"0.0": {
							"vector": [17.5, 0, 0]
						},
						"0.2083": {
							"vector": [-35, 0, 0]
						},
						"0.4167": {
							"vector": [28.75, 0, 0]
						},
						"0.625": {
							"vector": [12.5, 0, 0]
						},
						"0.8333": {
							"vector": [17.5, 0, 0]
						}
					}
				},
				"Tail3": {
					"rotation": {
						"0.0": {
							"vector": [-15, 0, 0]
						},
						"0.2083": {
							"vector": [-7.5, 0, 0]
						},
						"0.4167": {
							"vector": [37.5, 0, 0]
						},
						"0.625": {
							"vector": [48.75, 0, 0]
						},
						"0.8333": {
							"vector": [-15, 0, 0]
						}
					}
				},
				"bone": {
					"rotation": {
						"0.0": {
							"vector": [0, 0, 0]
						},
						"0.8333": {
							"vector": [0, 0, 0]
						}
					}
				},
				"Neck": {
					"rotation": {
						"0.0": {
							"vector": [12.5, 0, 0]
						},
						"0.2083": {
							"vector": [25, 0, 0]
						},
						"0.4167": {
							"vector": [22.5, 0, 0]
						},
						"0.625": {
							"vector": [2.5, 0, 0]
						},
						"0.8333": {
							"vector": [12.5, 0, 0]
						}
					}
				},
				"Neck2": {
					"rotation": {
						"0.0": {
							"vector": [10, 0, 0]
						},
						"0.2083": {
							"vector": [17.5, 0, 0]
						},
						"0.4167": {
							"vector": [0, 0, -2.5]
						},
						"0.625": {
							"vector": [-5, 0, 0]
						},
						"0.8333": {
							"vector": [10, 0, 0]
						}
					}
				},
				"Head2": {
					"rotation": {
						"0.0": {
							"vector": [0, 0, 0]
						},
						"0.2083": {
							"vector": [5, 0, 0]
						},
						"0.4167": {
							"vector": [-7.5, 0, 0]
						},
						"0.625": {
							"vector": [-2.5, 0, 0]
						},
						"0.8333": {
							"vector": [0, 0, 0]
						}
					}
				},
				"MuleEarL2": {
					"rotation": {
						"0.0": {
							"vector": [-42.5, 0, 0]
						},
						"0.2917": {
							"vector": [-52.5, 0, 0]
						},
						"0.5417": {
							"vector": [-15.38, 0, 0]
						},
						"0.8333": {
							"vector": [-42.5, 0, 0]
						}
					}
				},
				"MuleEarR2": {
					"rotation": {
						"0.0": {
							"vector": [-47.5, 0, 0]
						},
						"0.2917": {
							"vector": [-57.5, 0, 0]
						},
						"0.5417": {
							"vector": [-22.88, 0, 0]
						},
						"0.8333": {
							"vector": [-47.5, 0, 0]
						}
					}
				},
				"Leg4A": {
					"rotation": {
						"0.0": {
							"vector": [37.5, 0, 0]
						},
						"0.2083": {
							"vector": [-15, 0, 0]
						},
						"0.4167": {
							"vector": [-55, 0, 0]
						},
						"0.625": {
							"vector": [5, 0, 0]
						},
						"0.8333": {
							"vector": [37.5, 0, 0]
						}
					}
				},
				"Leg3A": {
					"rotation": {
						"0.0": {
							"vector": [5, 0, 0]
						},
						"0.2083": {
							"vector": [-37.5, 0, 0]
						},
						"0.4167": {
							"vector": [-10.0193, 2.30959, -0.95723]
						},
						"0.625": {
							"vector": [34.9807, 2.30959, -0.95723]
						},
						"0.8333": {
							"vector": [5, 0, 0]
						}
					}
				},
				"Leg2A": {
					"rotation": {
						"0.0": {
							"vector": [-43.97594, -7.30111, -15.9477]
						},
						"0.2083": {
							"vector": [-9.92069, -7.04575, -8.39282]
						},
						"0.4167": {
							"vector": [29.44668, -9.52904, -4.00691]
						},
						"0.625": {
							"vector": [-2.42069, -7.04575, -8.39282]
						},
						"0.8333": {
							"vector": [-43.97594, -7.30111, -15.9477]
						}
					},
					"position": {
						"0.0": {
							"vector": [0, 0, 0]
						},
						"0.4167": {
							"vector": [0, 0, 0]
						},
						"0.625": {
							"vector": [0, 0, 0]
						},
						"0.8333": {
							"vector": [0, 0, 0]
						}
					}
				},
				"Leg1A": {
					"rotation": {
						"0.0": {
							"vector": [-24.58681, 3.21132, 14.65993]
						},
						"0.2083": {
							"vector": [10.23517, -0.9723, 5.57336]
						},
						"0.4167": {
							"vector": [50.07481, 4.78944, 0.76737]
						},
						"0.625": {
							"vector": [-4.76483, -0.9723, 5.57336]
						},
						"0.8333": {
							"vector": [-24.58681, 3.21132, 14.65993]
						}
					},
					"position": {
						"0.0": {
							"vector": [0, 0, 0]
						},
						"0.4167": {
							"vector": [0, 0, 1]
						},
						"0.625": {
							"vector": [0, 0, 0]
						},
						"0.8333": {
							"vector": [0, 0, 0]
						}
					},
					"scale": {
						"0.0": {
							"vector": [1, 1, 1]
						},
						"0.4167": {
							"vector": [1, 1, 1]
						},
						"0.8333": {
							"vector": [1, 1, 1]
						}
					}
				}
			}
		},
		"animation.giraffe.attack": {
			"animation_length": 0.91667,
			"bones": {
				"Body": {
					"rotation": {
						"0.0": {
							"vector": [0, 0, 0]
						},
						"0.25": {
							"vector": [-17.51565, 2.38422, -0.7522]
						},
						"0.5417": {
							"vector": [10.00933, -2.462, -0.43439]
						},
						"0.875": {
							"vector": [0, 0, 0]
						}
					}
				},
				"Tail1": {
					"rotation": {
						"0.0": {
							"vector": [0, 0, 0]
						},
						"0.25": {
							"vector": [51.53653, 11.84911, -9.26433]
						},
						"0.5417": {
							"vector": [34.0724, -8.53726, 12.37961]
						},
						"0.875": {
							"vector": [0, 0, 0]
						}
					}
				},
				"Tail2": {
					"rotation": {
						"0.0": {
							"vector": [0, 0, 0]
						},
						"0.25": {
							"vector": [-15, 0, 0]
						},
						"0.5417": {
							"vector": [37.5, 0, 0]
						},
						"0.875": {
							"vector": [0, 0, 0]
						}
					}
				},
				"Tail3": {
					"rotation": {
						"0.0": {
							"vector": [0, 0, 0]
						},
						"0.25": {
							"vector": [-19.81, 0, 0]
						},
						"0.4167": {
							"vector": [-22.78, 0, 0]
						},
						"0.75": {
							"vector": [27.5, 0, 0]
						},
						"0.875": {
							"vector": [0, 0, 0]
						}
					}
				},
				"Neck": {
					"rotation": {
						"0.0": {
							"vector": [0, 0, 0]
						},
						"0.2083": {
							"vector": [12.5, 0, 0]
						},
						"0.5417": {
							"vector": [12.49, 0, 0]
						},
						"0.875": {
							"vector": [0, 0, 0]
						}
					}
				},
				"Neck2": {
					"rotation": {
						"0.0": {
							"vector": [0, 0, 0]
						},
						"0.25": {
							"vector": [20.78, 0, 0]
						},
						"0.5417": {
							"vector": [-5.73, 0, 0]
						},
						"0.9167": {
							"vector": [0, 0, 0]
						}
					}
				},
				"Head2": {
					"rotation": {
						"0.0": {
							"vector": [0, 0, 0]
						},
						"0.2083": {
							"vector": [7.5, 0, 0]
						},
						"0.5417": {
							"vector": [-10.68, 0, 0]
						},
						"0.9167": {
							"vector": [0, 0, 0]
						}
					}
				},
				"Leg4A": {
					"rotation": {
						"0.0": {
							"vector": [0, 0, 0]
						},
						"0.25": {
							"vector": [-37.5, 0, 0]
						},